bet_id,created_at,start,sport_key,tournament,tour,surface,player,opponent,player_key,opponent_key,p_model,odds_basis,odds,best_odds,best_book,edge,kelly_pct,stake,status,settled_at,profit,note,close_odds,close_fair_p,close_at,clv,clv_ev
c0c9321519b34aea833d0e7708b28411|Frances Tiafoe,2026-09-11T11:29:24.491193+00:00,2026-09-11T23:00:00+00:00,tennis_atp_us_open,ATP US Open,ATP,Hard,Frances Tiafoe,Ben Shelton,ATP|TD51,ATP|S0S1,0.4026,avg,3.391,3.62,1xBet,0.3653,0.02,1.0,lost,,-1.0,,3.441,0.2816,2026-09-11T22:31:41.453526+00:00,-0.0146,-0.0452
f3cdf500b7ae26bf7f70f24ac0f74d50|Alexander Zverev,2026-09-12T21:15:57.763989+00:00,2026-09-13T18:00:00+00:00,tennis_atp_us_open,ATP US Open,ATP,Hard,Alexander Zverev,Ben Shelton,ATP|Z355,ATP|S0S1,0.667,avg,1.677,1.73,Betfair,0.1189,0.02,1.0,won,2026-09-14T05:03:09.269220+00:00,0.677,the-odds-api,,,,,
5362d93413eaafe53bfa0949d0a53253|Elvina Kalieva,2026-09-14T05:03:09.269220+00:00,2026-09-14T18:00:00+00:00,tennis_wta_guadalajara_open,WTA Guadalajara Open,WTA,Hard,Elvina Kalieva,Kayla Day,WTA|220722,WTA|215037,0.5792,avg,2.425,2.58,Betfair,0.4046,0.02,1.0,lost,2026-09-15T05:04:11.191975+00:00,-1.0,the-odds-api,2.456,0.4035,2026-09-14T16:34:12.702049+00:00,-0.0127,-0.0216
802adbfaec80edf35c2ec7518ef1bb55|Renata Zarazua,2026-09-14T05:03:09.269220+00:00,2026-09-14T20:10:00+00:00,tennis_wta_guadalajara_open,WTA Guadalajara Open,WTA,Hard,Renata Zarazua,Caroline Dolehide,WTA|213887,WTA|214452,0.5953,avg,1.833,1.99,GTbets,0.0912,0.02,1.0,lost,2026-09-15T05:04:11.191975+00:00,-1.0,the-odds-api,2.057,0.4655,2026-09-14T18:37:31.227249+00:00,-0.1089,-0.1468
711e4db91bf8dcfb4af508c8909ee695|Panna Udvardy,2026-09-15T05:04:11.191975+00:00,2026-09-15T19:00:00+00:00,tennis_wta_guadalajara_open,WTA Guadalajara Open,WTA,Hard,Panna Udvardy,Cristina Bucsa,WTA|215910,WTA|213710,0.3668,avg,2.939,3.14,GTbets,0.0781,0.0177,1.0,lost,2026-09-16T05:03:37.257133+00:00,-1.0,the-odds-api,2.785,0.3418,2026-09-15T18:34:44.810127+00:00,0.0555,0.0046
9a5291ac19b89971cc973e6b22b19c2b|Alycia Parks,2026-09-15T05:04:11.191975+00:00,2026-09-15T20:10:00+00:00,tennis_wta_guadalajara_open,WTA Guadalajara Open,WTA,Hard,Alycia Parks,Sara Bejlek,WTA|219917,WTA|239383,0.2989,avg,3.62,4.0,Matchbook,0.0819,0.0163,1.0,lost,2026-09-16T05:03:37.257133+00:00,-1.0,the-odds-api,3.814,0.2375,2026-09-15T18:34:44.810127+00:00,-0.0508,-0.1403
6a84f9743e3001839ad4c2cf941f2c67|Diane Parry,2026-09-15T05:04:11.191975+00:00,2026-09-15T23:00:00+00:00,tennis_wta_guadalajara_open,WTA Guadalajara Open,WTA,Hard,Diane Parry,Peyton Stearns,WTA|220348,WTA|220548,0.5442,avg,2.03,2.11,Pinnacle,0.1049,0.02,1.0,lost,2026-09-16T05:03:37.257133+00:00,-1.0,the-odds-api,1.899,0.5166,2026-09-15T22:32:01.244853+00:00,0.0692,0.0487
56673e11053e9bea05afb963e37ae3f7|Zeynep Sonmez,2026-09-16T05:03:37.257133+00:00,2026-09-16T20:10:00+00:00,tennis_wta_guadalajara_open,WTA Guadalajara Open,WTA,Hard,Zeynep Sonmez,Iva Jović,WTA|220309,WTA|260300,0.2729,avg,4.069,4.5,Betfair,0.1102,0.0163,1.0,lost,2026-09-17T05:03:34.032795+00:00,-1.0,the-odds-api,4.066,0.2254,2026-09-16T18:36:24.851449+00:00,0.0008,-0.0828
594cd99fc2a2c803ec059d629feed51c|Liudmila Samsonova,2026-09-16T05:03:37.257133+00:00,2026-09-17T00:10:00+00:00,tennis_wta_guadalajara_open,WTA Guadalajara Open,WTA,Hard,Liudmila Samsonova,Kayla Day,WTA|214643,WTA|215037,0.7844,avg,1.383,1.43,Matchbook,0.0847,0.02,1.0,won,2026-09-17T05:03:34.032795+00:00,0.383,the-odds-api,1.367,0.6989,2026-09-16T22:32:24.697640+00:00,0.012,-0.0334
726e426c5068e86e57b7f81891e0136e|Hubert Hurkacz,2026-09-29T05:03:51.514257+00:00,2026-09-30T02:00:00+00:00,tennis_atp_china_open,ATP China Open,ATP,Hard,Hubert Hurkacz,Learner Tien,ATP|HB71,ATP|T0HA,0.4492,max,2.35,2.35,GTbets,0.0557,0.0103,1.0,won,2026-10-02T05:04:23.737199+00:00,1.35,the-odds-api,2.55,0.3922,2026-10-01T06:43:21.543370+00:00,-0.0784,-0.0784
742769b918276508629b9c2a4283d38b|Marina Bassols Ribera,2026-09-30T05:04:51.642803+00:00,2026-10-01T02:00:00+00:00,tennis_wta_china_open,WTA China Open,WTA,Hard,Marina Bassols Ribera,Kamilla Rakhimova,WTA|215453,WTA|215872,0.2787,max,3.7,3.7,Betfair,0.0313,0.0029,1.0,lost,2026-10-02T05:04:23.737199+00:00,-1.0,the-odds-api,3.55,0.2845,2026-10-01T05:04:47.964959+00:00,0.0423,0.0527
0c39522d563ce8eb6ce47ba0d07b50d8|Quentin Halys,2026-10-01T05:04:47.964959+00:00,2026-10-01T05:20:00+00:00,tennis_atp_china_open,ATP China Open,ATP,Hard,Quentin Halys,Ignacio Buse,ATP|HB64,ATP|B0ID,0.5732,max,1.79,1.79,GTbets,0.026,0.0082,1.0,won,2026-10-02T05:04:23.737199+00:00,0.79,the-odds-api,,,,,
a4aa67d29f120efed0e3f1eab2c7a88c|Daria Kasatkina,2026-10-01T05:04:47.964959+00:00,2026-10-01T05:20:00+00:00,tennis_wta_china_open,WTA China Open,WTA,Hard,Daria Kasatkina,Paula Badosa,WTA|214082,WTA|211651,0.3452,max,2.96,2.96,Matchbook,0.0218,0.0028,1.0,lost,2026-10-02T05:04:23.737199+00:00,-1.0,the-odds-api,,,,,
f4c24c41c66d5ecb136d40ee73c7d089|Sho Shimabukuro,2026-10-01T05:04:47.964959+00:00,2026-10-01T06:00:00+00:00,tennis_atp_japan_open,ATP Japan Open,ATP,Hard,Sho Shimabukuro,Denis Shapovalov,ATP|SY67,ATP|SU55,0.2797,max,3.7,3.7,Matchbook,0.0349,0.0032,1.0,lost,2026-10-02T05:04:23.737199+00:00,-1.0,the-odds-api,,,,,
ef3f453a337c9dae404be4cbf6772441|Tallon Griekspoor,2026-10-01T05:04:47.964959+00:00,2026-10-01T08:00:00+00:00,tennis_atp_china_open,ATP China Open,ATP,Hard,Tallon Griekspoor,Andrey Rublev,ATP|GJ37,ATP|RE44,0.3986,max,2.58,2.58,Matchbook,0.0285,0.0045,1.0,lost,2026-10-02T05:04:23.737199+00:00,-1.0,the-odds-api,2.62,0.382,2026-10-01T06:43:21.543370+00:00,-0.0153,-0.0145
cdd2c64d6e5bb4cbd7521e202aff68d7|Lin Zhu,2026-10-01T05:04:47.964959+00:00,2026-10-01T09:00:00+00:00,tennis_wta_china_open,WTA China Open,WTA,Hard,Lin Zhu,Alycia Parks,WTA|202684,WTA|219917,0.5014,max,2.04,2.04,Matchbook,0.0229,0.0055,1.0,won,2026-10-02T05:04:23.737199+00:00,1.04,the-odds-api,2.14,0.4655,2026-10-01T08:38:44.394349+00:00,-0.0467,-0.0504
a761717bbb7fdd5111fab1c9044a8360|Janice Tjen,2026-10-01T05:04:47.964959+00:00,2026-10-02T03:00:00+00:00,tennis_wta_china_open,WTA China Open,WTA,Hard,Janice Tjen,Diana Shnaider,WTA|222145,WTA|223670,0.2847,max,3.7,3.7,Matchbook,0.0533,0.0049,1.0,lost,2026-10-03T05:03:44.145560+00:00,-1.0,the-odds-api,3.55,0.2863,2026-10-02T02:34:08.387779+00:00,0.0423,0.0594
c7bfd02f55913334369753aa2e15ffd0|Polina Kudermetova,2026-10-02T05:04:23.737199+00:00,2026-10-02T06:30:00+00:00,tennis_wta_china_open,WTA China Open,WTA,Hard,Polina Kudermetova,Clara Tauson,WTA|221236,WTA|220704,0.383,max,2.68,2.68,Matchbook,0.0264,0.0039,1.0,won,2026-10-03T05:03:44.145560+00:00,1.6800000000000002,the-odds-api,,,,,
908dd14275f11b8588bccce4d87aae14|Frances Tiafoe,2026-10-02T05:04:23.737199+00:00,2026-10-02T08:10:00+00:00,tennis_atp_japan_open,ATP Japan Open,ATP,Hard,Frances Tiafoe,Arthur Fils,ATP|TD51,ATP|F0F1,0.3045,max,3.4,3.4,Winamax (DE),0.0352,0.0037,1.0,lost,2026-10-03T05:03:44.145560+00:00,-1.0,the-odds-api,3.4,0.3114,2026-10-02T06:42:29.007212+00:00,0.0,0.0588
66032d788e59686d66161167437ec068|Ugo Humbert,2026-10-03T05:03:44.145560+00:00,2026-10-03T08:10:00+00:00,tennis_atp_japan_open,ATP Japan Open,ATP,Hard,Ugo Humbert,Jiri Lehecka,ATP|HH26,ATP|L0BV,0.4053,max,2.53,2.53,GTbets,0.0255,0.0042,1.0,lost,2026-10-04T10:58:07.161374+00:00,-1.0,the-odds-api,2.5,0.4049,2026-10-03T06:49:46.493114+00:00,0.012,0.0245
305b3ecd1828799e8cf4ddc17a43e582|Novak Djokovic,2026-10-04T10:58:07.161374+00:00,2026-10-04T11:00:00+00:00,tennis_atp_china_open,ATP China Open,ATP,Hard,Novak Djokovic,Alexander Zverev,ATP|D643,ATP|Z355,0.2837,max,3.6,3.6,Matchbook,0.0213,0.002,1.0,won,2026-10-05T05:17:41.462251+00:00,2.6,the-odds-api,,,,,
d5f176ea16c34ec6c13647efacd2bb99|Hubert Hurkacz,2026-10-05T05:17:41.462251+00:00,2026-10-05T07:00:00+00:00,tennis_atp_china_open,ATP China Open,ATP,Hard,Hubert Hurkacz,Alex de Minaur,ATP|HB71,ATP|DH58,0.4377,max,2.34,2.34,Betfair,0.0241,0.0045,1.0,pending,,,,2.38,0.4261,2026-10-05T06:48:34.907492+00:00,-0.0168,-0.003
